name,price
Inaba Cat Dashi Delights kurczak i wiórki ryby bonito 70g,"9,99 zł/szt."
Inaba Cat Dashi Delights kurczak i łosoś 70g,"9,99 zł/szt."
Inaba Cat Dashi Delights kurczak i ser 70g,"9,99 zł/szt."
Inaba Cat Dashi Delights kurczak i przegrzebki 70g,"9,99 zł/szt."
Inaba Cat Dashi Delights kurczak 70g,"9,99 zł/szt."
"Inaba Cat Dashi Delights kurczak, tuńczyk i łosoś 70g","9,99 zł/szt."
Inaba Cat Dashi Delights kurczak i tuńczyk 70g,"9,99 zł/szt."
Naturo Sterilised Grain Free Paté Kurczak 85g,"4,99 zł/szt."
Naturo Senior Grain Free Paté Kurczak 85g,"4,99 zł/szt."
Naturo Grain Free Paté Indyk 85g,"4,99 zł/szt."
Naturo Grain Free Paté Tuńczyk 85g,"4,99 zł/szt."
Naturo Grain Free Paté Kurczak 85g,"4,99 zł/szt."
Naturo Kitten Grain Free Paté Kurczak 85g,"4,99 zł/szt."
Felix Sensation Sauces Wiejskie Smaki 4x85g,"12,49 zł/szt."
Felix Fantastic Duo Ryba 4x85g,"12,49 zł/szt."
Oasy More Love tuńczyk z przegrzebkiem 70g,"7,99 zł/szt."
Oasy More Love Tuńczyk z łososiem 70g,"7,99 zł/szt."
Oasy More Love Tuńczyk z krewetkami 70g,"7,99 zł/szt."
Oasy More Love Tuńczyk z solą 70g,"7,99 zł/szt."
Oasy More Love Kurczak z serem 70g,"7,99 zł/szt."
Oasy More Love Kurczak z kaczką 70g,"7,99 zł/szt."
Bozita Kitten kawałki w sosie z kurczakiem 85g,"7,99 zł/szt."
Bozita Kitten kawałeczki w sosie z łososiem 85g,"7,99 zł/szt."
Bozita kawałki w galaretce z reniferem 85g,"7,99 zł/szt."
BRIT PREMIUM POUCHES WHITE FISH KITTEN 100g,"3,99 zł/szt."
Brit Premium Sterilised wątróbka w sosie 100g,"3,99 zł/szt."
Brit Premium Sterilised jagnięcina w sosie 100g,"3,99 zł/szt."
FELIX Fantastic Kurczak i Wołowina w galaretce 4X85G,"12,49 zł/szt."
FELIX Fantastic Junior Kurczak i Łosoś w galaretce 4X85G,"12,49 zł/szt."
FELIX Duo wiejskie smaki w galaretce 4X85G,"12,49 zł/szt."
FELIX Sensations Sauces Dorsz i Sardynki w sosie 4X85G,"12,49 zł/szt."
FELIX Fantastic Łosoś i Pstrąg z warzywami 4X85G,"12,49 zł/szt."
FELIX Fantastic Jagnięcina i Królik 4X85G,"12,49 zł/szt."
FELIX Sensations Jellies wiejskie smaki w galaretce 4X85G,"12,49 zł/szt."
Gourmet Gold Savourt Cake z kurczakiem i marchewką 85g,"4,99 zł/szt."
Gourmet Gold Savourt Cake z jagnięciną i fasolą 85g,"4,99 zł/szt."
Gourmet Gold Casserole z wołowiną i kurczakiem 85g,"4,99 zł/szt."
Gourmet Gold Savoury Cake wołowina w pomidorach 85g,"4,99 zł/szt."
Gourmet Gold Casserole z kaczką i indykiem w sosie 85g,"4,99 zł/szt."
Gourmet Gold mus z indykiem 85g,"4,99 zł/szt."
Gourmet Gold pasztet z królikiem 85g,"4,99 zł/szt."
Gourmet Gold mus z wołowiną 85g,"4,99 zł/szt."
Gourmet Gold kurczak z wątróbką w sosie 85g,"4,99 zł/szt."
Gourmet Gold mus z tuńczykiem 85g,"4,99 zł/szt."
Gourmet Gold łosoś z kurczakiem w sosie 85g,"4,99 zł/szt."
Gourmet Gold mus z kurczakiem 85g,"4,99 zł/szt."
Bozita kawałki z łososiem w galaretce 85g,"7,99 zł/szt."
Bozita kawałki z okoniem w galaretce 85g,"7,99 zł/szt."
Bozita kawałki z wołowiną w galaretce 85g,"7,99 zł/szt."
Bozita kawałki z łosiem w galaretce 85g,"7,99 zł/szt."
Bozita wątróbką z kurczaka w galaretce 85g,"7,99 zł/szt."
Bozita kawałki w sosie ze śledziem 85g,"7,99 zł/szt."
Bozita kawałki w sosie z wołowiną 85g,"7,99 zł/szt."
Bozita kawałki w sosie z reniferem 85g,"7,99 zł/szt."
Bozita kawałki w sosie z łososiem 85g,"7,99 zł/szt."
Bozita kawałki w sosie z kurczakiem 85g,"7,99 zł/szt."
Bozita kawałki w sosie z indykiem 85g,"7,99 zł/szt."
Vitakraft Poesie dziczyzna z żurawiną w galaretce 85g,"3,99 zł/szt."
Vitakraft Poesie łosoś ze szpinakiem w galaretce 85g,"3,99 zł/szt."
Animonda Carny Adult Kurczak z łososiem 400g,"9,99 zł/szt."
Animonda Carny Adult Indyk z wątróbką 400g,"9,99 zł/szt."
Animonda Carny Adult Indyk z jagnięciną 400g,"9,99 zł/szt."
Animonda Carny Kitten Wołowina z kurczakiem i królikiem 400g,"9,99 zł/szt."
Animonda CARNY Adult Wołowina z Indykiem i Krewetkami 400g,"9,99 zł/szt."
Vitakraft Poesie 85g SAUCE Wołowina z Marchewką,"3,99 zł/szt."
Vitakraft Poesie 85g SAUCE Kurczak z Warzywami,"3,99 zł/szt."
Vitakraft Poesie 85g SAUCE Cielęcina z Serem,"3,99 zł/szt."
Vitakraft Poesie 85g SAUCE Kurczak z Indykiem,"3,99 zł/szt."
Vitakraft Poesie 85g SAUCE Dorsz z Makaronem i Pomidorami,"3,99 zł/szt."
Vitakraft Poesie 85g SAUCE Indyk z Serem,"3,99 zł/szt."
Rafi Cat z drobiem 415g,"3,99 zł/szt."
Rafi Cat z wołowiną 415g,"3,99 zł/szt."
Rafi Cat z rybą 415g,"3,99 zł/szt."
Animonda CARNY ADULT Wołowina 400g,"9,99 zł/szt."
Animonda CARNY ADULT Wołowina i Serca 400g,"9,99 zł/szt."
Animonda CARNY ADULT Wołowina i Kurczak 400g,"9,99 zł/szt."
"Animonda CARNY ADULT Wołowina, Indyk i Królik 400g","9,99 zł/szt."
Animonda CARNY ADULT Multi Koktajl Mięsny 400g,"9,99 zł/szt."
Animonda CARNY ADULT Wołowina i Jagnięcina 400g,"9,99 zł/szt."
Animonda CARNY ADULT Wołowina i Sarnina 400g,"9,99 zł/szt."
"Animonda CARNY ADULT Wołowina, Kurczak i Kaczka 400g","9,99 zł/szt."
Dolina Noteci Premium 400g Bogata w Łososia,"9,99 zł/szt."
Dolina Noteci Premium 400g JUNIOR Bogata w Indyka,"9,99 zł/szt."
Dolina Noteci Premium 185g Bogata w Jagnięcinę,"7,99 zł/szt."
Dolina Noteci Premium 185g Bogata w Cielęcinę,"7,99 zł/szt."
Dolina Noteci Premium 185g Bogata w Łososia,"7,99 zł/szt."
Dolina Noteci Premium 185g Bogata w Kaczkę,"7,99 zł/szt."
Dolina Noteci Premium 185g JUNIOR Bogata w Indyka,"7,99 zł/szt."
Dolina Noteci Premium 85g STERILISED Danie z Kaczki,"5,99 zł/szt."
Dolina Noteci Premium 85g STERILISED Danie z Wołowiny,"5,99 zł/szt."
Dolina Noteci Premium 85g JUNIOR Danie z Dorsza z Sardynką,"5,99 zł/szt."
Dolina Noteci Premium 85g Danie z Królika,"5,99 zł/szt."
Dolina Noteci Premium 85g Danie z Tuńczyka,"5,99 zł/szt."
Dolina Noteci Premium 400g Bogata w Cielęcinę,"9,99 zł/szt."
Dolina Noteci Premium 400g Bogata w Jagnięcinę,"9,99 zł/szt."
Dolina Noteci Premium 400g Bogata w Kaczkę,"9,99 zł/szt."
Wellness Core Signature Selects Flaked Tuna karma mokra dla dorosłych kotów tuńczyk i łosoś 79g puszka,"7,99 zł/szt."
Schesir Baby Filety Kurczak Z Łososiem 70g,"8,99 zł/szt."
Schesir Silver Duo Filety Mus Kurczak Z Kaczką 70g,"8,99 zł/szt."
Schesir Silver Filety Tuńczyk I Makrela 70g,"8,99 zł/szt."
Schesir Silver Mus Łosoś I Kurczak 80g,"8,99 zł/szt."
Schesir Special Light Mus Z Kurczakiem 70g,"8,99 zł/szt."
Schesir Special Skin&Coat Mus Z Łososiem I Kurczakiem 70g,"8,99 zł/szt."
Schesir Baby Mus Kurczak Z Wątróbką Drobiową 70g,"8,99 zł/szt."
Schesir After Dark Pasztet Kurczak Z Wołowiną 80g,"8,99 zł/szt."
Schesir After Dark Pasztet Kurczak Z Kaczką 80g,"8,99 zł/szt."
Schesir Functions Dodatek Trawienny Z Dynią I Zieloną Pszenicą 40g,"7,99 zł/szt."
Schesir After Dark Filety Kurczak Z Szynką 80g,"8,99 zł/szt."
Schesir After Dark Mus Kurczak Z Jajkiem Przepiórczym 80g,"8,99 zł/szt."
Schesir After Dark Mus Kurczak Z Wołowiną 80g,"8,99 zł/szt."
Schesir After Dark Mus Kurczak Z Kaczką 80g,"8,99 zł/szt."
Schesir After Dark Pasztet Kurczak Z Jajkiem Przepiórczym 80g,"8,99 zł/szt."
Schesir After Dark Filety Kurczak Z Wołowiną 80g,"8,99 zł/szt."
Schesir After Dark Filety Kurczak Z Kaczką 80g,"8,99 zł/szt."
Purina Pro Plan Sterilised Renal z królikiem 10kg,"365,99 zł/szt."
Purina Cat Chow Kitten indyk z cukinią 4x85g,"12,99 zł/szt."
Purina Cat Chow Sterilised z jagnięciną i fasolką 4x85g,"12,99 zł/szt."
Purina Cat Chow Sterilised z kurczakiem i bakłażanem 4x85g,"12,99 zł/szt."
Purina Cat Chow Sensitive z łososiem i cukinią 4x85g,"12,99 zł/szt."
Purina Cat Chow Hairball z kurczakiem i fasolką 4x85g,"12,99 zł/szt."
Purina Pro Plan Sterilised pasztet z łososiem i tuńczykiem 85g,"5,99 zł/szt."
Purina Pro Plan Adult pasztet z kurczakiem 85g,"5,99 zł/szt."
Purina Pro Plan Kitten mus z kurczakiem 85g,"5,99 zł/szt."
2 X HAPPYCAT KITTEN & JUNIOR Z KACZKĄ 85G,"5,00 zł/szt."
2 X HAPPYCAT CULINARY ADULT PSTRĄG W SOSIE 85G,"5,00 zł/szt."
2 X HAPPYCAT CULINARY ADULT JAGNIĘCINA W SOSIE 85G,"5,00 zł/szt."
Purina ProPlan Delicate Digestion z indykiem w sosie 10x85g,"64,66 zł/szt."
Purina ProPlan Delicate Digestion z indykiem i rybami oceanicznymi w sosie 10x85g,"64,66 zł/szt."
Purina ProPlan Sterilised z wołowiną i kurczakiem w sosie 10x85g,"64,66 zł/szt."
Felix Soup Original Adult wiejskie smaki 6x48g,"14,99 zł/szt."
Animonda Carny Kitten koktajl drobiowy 200g,"5,99 zł/szt."
Bozita z krewetkami 400g,"8,99 zł/szt."
Bozita z łososiem 400g,"8,99 zł/szt."
Bozita z wołowiną 400g,"8,99 zł/szt."
Gourmet Mon Petit rybne fileciki w sosie 6x50g,"15,99 zł/szt."
Stuzzy monoprotein z cielęciną 85g,"6,99 zł/szt."
Stuzzy monoprotein z kurczakiem 85g,"6,99 zł/szt."
Stuzzy monoprotein z wieprzowiną 85g,"6,99 zł/szt."
Stuzzy Sterylised z indykiem 85gr,"4,99 zł/szt."
Stuzzy kurczak dla kociąt 85g,"4,99 zł/szt."
Stuzzy z kurczakiem 85g,"4,99 zł/szt."
Animonda Carny Cat Drink z tuńczykiem 140ml,"4,99 zł/szt."
Animonda Carny Cat Drink z kurczakiem 140ml,"4,99 zł/szt."
OASY Natural Adult Kurczak z ananasem 70g,"5,72 zł/szt."
OASY Natural Adult Kurczak z kaczką 70g,"4,99 zł/szt."
OASY Natural Adult Tuńczyk 70g,"4,99 zł/szt."
OASY Natural Adult Tuńczyk z makrelą 70g,"4,99 zł/szt."
OASY Natural Adult Tuńczyk z doradą 70g,"4,99 zł/szt."
OASY Natural Adult Tuńczyk z mango 70g,"4,99 zł/szt."
OASY Natural Adult Tuńczyk z marchwią 70g,"4,99 zł/szt."
OASY Natural Adult Tuńczyk z krewetkami 150g,"9,99 zł/szt."
OASY Natural Adult Tuńczyk 150g,"9,99 zł/szt."
OASY Natural Adult Kurczak z kaczką 150g,"9,99 zł/szt."
OASY Natural Adult Kurczak z ananasem 150g,"9,70 zł/szt."
OASY Natural Adult Kurczak z krewetkami 150g,"9,99 zł/szt."
OASY Natural Adult Kurczak z szynką 150g,"9,99 zł/szt."
OASY Natural Adult Kurczak 150g,"9,99 zł/szt."
OASY Lifestage Sterilized Łosoś 85g,"4,99 zł/szt."
OASY Lifestage Sterilized Indyk 85g,"4,99 zł/szt."
OASY Lifestage Adult Tuńczyk 85g,"4,99 zł/szt."
OASY Lifestage Adult Wieprzowina 85g,"4,99 zł/szt."
OASY Lifestage Adult Jagnięcina 85g,"4,99 zł/szt."
OASY Lifestage Adult Kurczak 85g,"4,99 zł/szt."
Oasy Natural Łosoś 70g,"5,99 zł/szt."
Oasy Natural Tuńczyk z łososiem 70g,"5,99 zł/szt."
Oasy Natural Tuńczyk z małżami 70g,"5,99 zł/szt."
Oasy Natural Tuńczyk z krewetkami 70g,"5,99 zł/szt."
Oasy Natural Tuńczyk 70g,"5,99 zł/szt."
Oasy Natural Kurczak z wołowiną 70g,"5,99 zł/szt."
Oasy Natural Kurczak z szynką 70g,"5,99 zł/szt."
Oasy Natural Kurczak 70g,"5,99 zł/szt."
Oasy More Love Tuńczyk z anchois 70g,"7,99 zł/szt."
Oasy More Love Kurczak z białą rybą 70g,"7,99 zł/szt."
Oasy More Love Kurczak z łososiem 70g,"6,89 zł/szt."
Oasy More Love Tuńczyk z krewetkami 70g,"7,99 zł/szt."
Oasy More Love Tuńczyk z kalmarami 70g,"7,99 zł/szt."
Oasy Kurczak z łososiem 70g,"4,99 zł/szt."
Oasy More Love Kurczak z indykiem 70g,"7,99 zł/szt."
Oasy More Love Kurczak z szynką 70g,"7,99 zł/szt."
Oasy Kurczak 70g,"4,99 zł/szt."
Oasy More Love Kurczak z wątróbką 70g,"7,99 zł/szt."
OASY Lifestage Adult Salmon 85g,"4,99 zł/szt."
OASY Lifestage Sterilized Chicken 85g,"4,99 zł/szt."
OASY Lifestage Kitten Chicken 85g,"4,99 zł/szt."
OASY Lifestage Hairball Chicken 85g,"4,99 zł/szt."
Animonda Carny Single Protein indyk 400g,"12,99 zł/szt."
Animonda Carny Single Protein kurczak 400g,"11,99 zł/szt."
Bozita Indoor Sterilised Kawałki w galaretce z indykiem 85G,"8,99 zł/szt."
Bozita Indoor&Sterilised kawałki w sosie z kurczakiem i indykiem 85g,"7,98 zł/szt."
Bozita Indoor&Sterilised kawałki w sosie z reniferem 85g,"7,98 zł/szt."
Bozita Indoor&Sterilised kawałki w galarecie z wołowiną 85g,"8,99 zł/szt."
Bozita Indoor&Sterilised Box w galaretce 12x85g,"84,82 zł/szt."
BRIT PREMIUM POUCHES STERILE PLATE 12x100g,"41,99 zł/szt."
Brit Premium Sterilised łosoś w sosie 100g,"3,99 zł/szt."
Farmina N&D Quinoa Cat Weight Management jagnięcina 70g,"8,99 zł/szt."
Farmina N&D Quinoa Cat Urinary kaczka 70g,"8,99 zł/szt."
Farmina N&D Quinoa Cat Skin & Coat Przepiórka z Kokosem 70g,"8,99 zł/szt."
Farmina N&D Quinoa Cat Skin & Coat śledź z kokosem 70g,"8,99 zł/szt."
Farmina N&D Quinoa Cat Skin & Coat kaczka z kokosem 70g,"8,99 zł/szt."
Farmina N&D Cat przepiórka z dynią 70g,"8,99 zł/szt."
"Farmina N&D Ocean Kitten tuńczyk, dorsz, krewetki i dynia 70g","8,99 zł/szt."
Farmina N&D Ocean Cat tuńczyk i krewetki 70g,"8,99 zł/szt."
Farmina N&D Cat jagnięcina i borówka 70g,"8,99 zł/szt."
Farmina N&D Cat kaczka z dynią 70g,"8,99 zł/szt."
"Farmina Ocean Cat tuńczyk, dorsz i krewetki 70g","8,99 zł/szt."
Purina ProPlan Junior z indykiem 4x85g,"17,99 zł/szt."
Purina ProPlan Sterilised z kurczakiem 4x85g,"17,99 zł/szt."
Purina ProPlan Delicate 4x85g z indykiem,"17,99 zł/szt."
Purina ProPlan Delicate z rybą 4x85g,"17,99 zł/szt."
Purina ProPlan Sterilised z wołowiną 4x85g,"17,99 zł/szt."
FIN MIAMOR Ragout z królikiem w galaretce 100g,"3,99 zł/szt."
Dolina Noteci filet z łososia 185g,"13,99 zł/szt."
Dolina Noteci filet z indyka 185g,"13,99 zł/szt."
Dolina Noteci filet z tuńczyka 185g,"13,99 zł/szt."
Dolina Noteci filet z piersi kurczaka 185g,"13,99 zł/szt."
Bozita Feline Kitten 370g Kurczak w Sosie,"6,99 zł/szt."
Vitakraft Poesie Deli Gelee Kurczak 85g,"3,99 zł/szt."
Vitakraft Poesie Deli Gelee Indyk 85g,"3,99 zł/szt."
Wiejska zagroda kurczak z kaczką dla kota 200g,"7,99 zł/szt."
OASY More Love Tuńczyk z Łososiem 70G,"7,99 zł/szt."
OASY More Love Tuńczyk z Krabem 70G,"7,99 zł/szt."
OASY More Love Tuńczyk 70G,"7,99 zł/szt."
OASY More Love Sardynki 70G,"7,99 zł/szt."
OASY More Love Pierś z Kurczaka 70G,"7,99 zł/szt."
OASY More Love Tuńczyk z Białą Rybą 70G,"7,99 zł/szt."
OASY More Love Kitten Kurczak z Jajkiem 70G,"7,99 zł/szt."
OASY More Love Tuńczyk z Małżami 70G,"7,99 zł/szt."
OASY More Love Pierś z Kurczaka 70G,"7,99 zł/szt."
Wiejska zagroda kurczak z kaczką dla kota 85g,"6,99 zł/szt."
Wiejska zagroda indyk z łososiem dla kota 400g,"12,91 zł/szt."
Wiejska zagroda jagnięcina z krylem dla kota 400g,"13,99 zł/szt."
Wiejska zagroda jagnięcina z krylem dla kota 200g,"8,99 zł/szt."
Wiejska zagroda jagnięcina z krylem dla kota 85g,"6,99 zł/szt."
Bozita multipack 12x85g z rybą i mięsem,"81,85 zł/szt."
Almo Nature Multipack 6x70g Urinary Support,"28,47 zł/szt."
Almo Nature Multipack 6x70g Digestive,"28,47 zł/szt."
Almo Nature Multipack 6x70g Anti-Hairball,"28,47 zł/szt."
Almo Nature Multipack 6x70g Sterilised,"28,47 zł/szt."
Almo Nature Functional Urinary z kurczakiem 70g,"5,99 zł/szt."
Almo Nature Functional Intestinal z drobiem 70g,"4,78 zł/szt."
Animonda Vom Feinsten Adult z wołowiną i ziemniakami 100g,"3,99 zł/szt."
Animonda Vom Feinsten Classic z wątróbką kurczaka 100g,"3,99 zł/szt."
FITMIN Cat Sterilized z łososiem 85g,"4,15 zł/szt."
Almo Nature Daily z cielęciną 100g,"3,15 zł/szt."
Almo Nature Daily z królikiem 100g,"3,15 zł/szt."
Almo Nature Daily z kaczką 100g,"3,15 zł/szt."
Almo Nature Daily z indykiem 100g,"3,15 zł/szt."
Almo Nature Daily z łososiem 100g,"3,15 zł/szt."
Almo Nature Daily z kurczakiem 100g,"3,15 zł/szt."
Almo Nature Daily z wołowiną 100g,"3,15 zł/szt."
Almo Nature Daily z cielęciną i jagnięciną 70g,"3,56 zł/szt."
Almo Nature Daily z kaczką i kurczakiem 70g,"3,56 zł/szt."
Almo Nature Daily z dorszem i krewetkami 70g,"3,56 zł/szt."
Almo Nature Daily z tuńczykiem i łososiem 70g,"3,56 zł/szt."
Almo Nature Daily z kurczakiem i wołowiną 70g,"3,56 zł/szt."
Almo Nature Daily z kurczakiem i łososiem saszetka 70g,"3,56 zł/szt."
FITMIN Cat Kitten z kurczakiem 85g,"4,15 zł/szt."
FITMIN Cat Adult z kurczakiem 85g,"4,15 zł/szt."
FITMIN Cat Adult z kaczką 85g,"4,15 zł/szt."
FITMIN Cat Adult z wołowiną 85g,"4,15 zł/szt."
Purina Gourmet Perle Duet Rybny 4x85g,"13,49 zł/szt."
Gourmet Perle Duo Duet 4x85g,"13,49 zł/szt."
Purina Gourmet Perle Sos Kurczak Wołowina 4x85g,"13,49 zł/szt."
Gourmet Perle Mini Fileciki Sos z Warzywami 4x85G,"13,49 zł/szt."
SCHESIR tuńczyk z dynią w bulionie 70g,"7,99 zł/szt."
SCHESIR tuńczyk z sardynką w bulionie 70g,"7,99 zł/szt."
SCHESIR tuńczyk z kurczakiem i krewetkami w galaretce 50g,"6,99 zł/szt."
SCHESIR tuńczyk z łososiem w galaretce 50g,"6,99 zł/szt."
SCHESIR kurczak z szynką w galaretce 50g,"6,99 zł/szt."
SCHESIR tuńczyk z filetami wołowymi w galaretce 85g,"7,99 zł/szt."
SCHESIR tuńczyk z szynką w galaretce 85g,"7,99 zł/szt."
SCHESIR tuńczyk z krewetkami w galaretce 85g,"7,99 zł/szt."
SCHESIR filety z tuńczyka w galaretce 85g,"7,99 zł/szt."
Vitakraft Poesie kurczak w musie 85g,"4,99 zł/szt."
Dolina Noteci Superfood cielęcina z homarem i krewetkami 85g,"7,99 zł/szt."
Dolina Noteci Superfood jagnięcina i cielęcina 85g,"7,99 zł/szt."
Dolina Noteci Superfood sarna i wołowina 85g,"7,99 zł/szt."
Dolina Noteci Superfood kurczak i wołowina z doradą 85g,"7,99 zł/szt."
Dolina Noteci Superfood kaczka i wołowina 85g,"7,99 zł/szt."
Dolina Noteci Superfood pstrąg i tuńczyk 85g,"7,99 zł/szt."
FIN MIAMOR Ragout z Wołowiną dla Kociąt 100g,"3,99 zł/szt."
FIN MIAMOR Ragout z drobiem dla kociąt 100g,"3,99 zł/szt."
FIN MIAMOR Kaczka z Drobiem 100g,"4,99 zł/szt."
FIN MIAMOR Indyk i Dziczyzna 100g,"4,99 zł/szt."
Brit Care Kitten Savory Salmon filety z kurczaka w galaretce 85g,"5,99 zł/szt."
Brit Care Cat z łososiem 85g,"5,99 zł/szt."
Brit Care Cat z kaczką 85g,"5,99 zł/szt."
Brit Care Cat z kurczakiem 85g,"5,99 zł/szt."
Brit Care Kitten Tender Turkey filety z kurczaka w sosie 85g,"5,99 zł/szt."
Brit Care Cat z łososiem i indykiem 85g,"5,99 zł/szt."
MIAMOR Filet kurczak i pomidory w galaretce 100g,"8,99 zł/szt."
MIAMOR Filet tuńczyk z warzywami w galaretce 100g,"8,99 zł/szt."
MIAMOR Filet tuńczyk z krabem w galaretce 100g,"8,99 zł/szt."
MIAMOR Filet tuńczyk z kalmarami w galaretce 100g,"8,99 zł/szt."
MIAMOR Filet kurczak z tuńczykiem w galaretce 100g,"8,99 zł/szt."
Royal Canin Babycat Instinctive mus 195g,"18,99 zł/szt."
Royal Canin Ageing +12 w sosie 85g,"8,99 zł/szt."
Carnilove Kitten z królikiem i nagietkiem 85g,"7,99 zł/szt."
Carnilove Cat z pstrągiem i Echinacea 85g,"7,99 zł/szt."
Carnilove Cat z dziczyzną i rumiankiem 85g,"7,99 zł/szt."
"Carnilove Cat z bażantem, 85g","7,99 zł/szt."
Carnilove Cat z kaczką i kocimiętką 85g,"7,99 zł/szt."
Carnilove Cat Sterilized z przepiórką i mniszkiem 85g,"7,99 zł/szt."
Bozita Multipack z mięsem i rybą 12x85g,"87,99 zł/szt."
Bozita Multipack z mięsem 12x85g,"87,99 zł/szt."
Miamor Vitaldrink z kaczką 135ml,"7,99 zł/szt."
Miamor Vitaldrink z tuńczykiem 135ml,"7,99 zł/szt."
Royal Canin FHN Kitten 85g pasztet,"8,99 zł/szt."
Royal Canin FHN Urinary Care 85g w sosie,"9,99 zł/szt."
Bozita Kawałki w sosie z królikiem 370g,"6,99 zł/szt."
Bozita Feline Renifer w sosie 370g,"6,99 zł/szt."
Bozita Feline Kaczka w Galarecie 370g,"6,99 zł/szt."
Vitakraft Poesie wołowina w musie 85g,"4,99 zł/szt."
Vitakraft Poesie kaczka w musie 85g,"4,99 zł/szt."
Vitakraft poesie łosoś w musie 85g,"4,99 zł/szt."
Vitakraft Poesie Multipack w galaretce 6x85g,"21,99 zł/szt."
Vitakraft Poésie Multipack szalki w sosie 6x 85g,"21,99 zł/szt."
Animonda Carny 200g Adult Kurczak- Łosoś,"9,22 zł/szt."
Animonda Carny 200g Indyk - Wątróbka,"5,99 zł/szt."
Animonda Carny Adult 200g indyk- jagnięcina,"5,99 zł/szt."
Brit Premium Cat Adult Meat Plate 4x100g,"12,99 zł/szt."
Animonda VOM FEINSTEN Adult Łosoś i Krewetki 100g,"3,99 zł/szt."
Vitakraft Poesie 85G DELI SAUCE Serca,"3,99 zł/szt."
Vitakraft Poesie 85g DELI SAUCE JUNIOR Indyk,"3,99 zł/szt."
Vitakraft Poesie 85g DELI SAUCE JUNIOR Kurczak,"3,99 zł/szt."
Rafi Cat Adult z kaczką 400g,"7,99 zł/szt."
Rafi Cat Adult z indykiem 400g,"7,99 zł/szt."
Vitakraft Poesie 85g DELI SAUCE Czarniak,"3,99 zł/szt."
Vitakraft Poesie 85g DELI SAUCE Kurczak,"3,99 zł/szt."
Vitakraft Poesie 85g DELI SAUCE Indyk,"3,99 zł/szt."
Vitakraft Poesie 85g DELI SAUCE Dorsz,"3,99 zł/szt."
Vitakraft Poesie 85g DELI SAUCE Wołowina,"3,99 zł/szt."
Bozita Feline Krewetki w Sosie 370g,"6,99 zł/szt."
Bozita Feline Łosoś w Sosie 370g,"6,99 zł/szt."
Bozita Feline Wołowina w Sosie 370g,"6,99 zł/szt."
Rafi Cat Adult Sterilised z tuńczykiem 400g,"7,99 zł/szt."
Bozita Feline Kurczak i Indyk w Sosie 370g,"6,99 zł/szt."
Bozita Feline Jagnięcina w Galaretce 370g,"6,99 zł/szt."
Bozita Feline Królik w Galaretce 370g,"6,99 zł/szt."
Bozita Feline Makrela w Galaretce 370g,"6,99 zł/szt."
Bozita Feline Raki w Galaretce 370g,"6,99 zł/szt."
Bozita Feline Indyk w Galaretce 370g,"6,99 zł/szt."
Bozita Feline Wątróbka Drobiowa w Galaretce 370g,"6,99 zł/szt."
Bozita Feline Wołowina w Galaretce 370g,"6,99 zł/szt."
Bozita Feline Dorsz w Galaretce 370g,"6,99 zł/szt."
Animonda VOM FEINSTEN 100g KITTEN Jagnięcina,"3,99 zł/szt."
Animonda VOM FEINSTEN 100g Drób i Cielęcina,"3,99 zł/szt."
Animonda VOM FEINSTEN 100g Indyk i Królik,"3,99 zł/szt."
Animonda VOM FEINSTEN 100g Koktajl Mięsny,"3,99 zł/szt."
Animonda CARNY Adult wołowina z sercami 200g,"5,99 zł/szt."
Animonda CARNY Adult wołowina z kurczakiem 200g,"5,99 zł/szt."
"Animonda CARNY Kitten Wołowina, Indyk i Królik 200g","5,99 zł/szt."
Animonda CARNY Kitten cielęcina z indykiem 200g,"5,99 zł/szt."
Animonda CARNY Kitten wołowina i serca indycze 200g,"5,99 zł/szt."
Animonda CARNY Kitten z wołowiną i drobiem 200g,"5,99 zł/szt."
Animonda VOM FEINSTEN 100g KITTEN Wołowina,"3,99 zł/szt."
Animonda VOM FEINSTEN BABY Pate - Pasta Mięsna 100g,"3,99 zł/szt."
Animonda CARNY Adult z wołowiną 200g,"5,99 zł/szt."
Animonda CARNY Adult wołowina z jagnięciną 200g,"5,99 zł/szt."
Animonda CARNY Adult wołowina z królikiem 200g,"5,99 zł/szt."
Animonda CARNY Adult wołowina z krewetkami 200g,"5,99 zł/szt."
Animonda CARNY Adult wołowina z sercami 200g,"5,99 zł/szt."
Pro PlanN Delicate z rybą oceaniczną 85g,"5,99 zł/szt."
Purina Pro Plan STERILISED z wołowiną 85g,"5,99 zł/szt."
Purina Pro Plan STERILISED z kurczakiem 85g,"5,99 zł/szt."
Purina Pro Plan JUNIOR z indykiem 85g,"5,99 zł/szt."
Purina Cat Chow SENSITIVE z łososiem i cukinią 85g,"3,99 zł/szt."
Purina Cat Chow STERILISED z kurczakiem i bakłażanem 85g,"3,99 zł/szt."
Purina Cat Chow STERILISED z jagnięciną i fasolką 85g,"3,99 zł/szt."
Purina Cat Chow HAIRBALL z kurczakiem i fasolką 85g,"3,99 zł/szt."
Purina Pro Plan DELICATE z indykiem 85g,"5,99 zł/szt."
Purina Cat Chow Adult Łosoś i Zielona Fasolka 85g,"3,99 zł/szt."
Purina Cat Chow Adult Wołowina i Bakłażan 85g,"4,02 zł/szt."
Purina Cat Chow ADULT kurczak z cukinią 85g,"3,99 zł/szt."
Brit Premium filety z indyka w sosie 85g,"3,99 zł/szt."
Brit Premium filety tuńczyka w sosie 85g,"3,99 zł/szt."
Brit Premium Kitten filety kurczaka w sosie 85g,"3,99 zł/szt."
Brit Premium Sterilised Filet z łososia w sosie 85g,"3,99 zł/szt."
Brit Premium Family Plate 12x100g,"36,99 zł/szt."
Brit Premium pstrąg w galaretce 85g,"3,99 zł/szt."
Brit Premium filety wołowe w sosie 85g,"3,99 zł/szt."
Royal Canin Kitten 85g w galarecie,"8,99 zł/szt."
Brit Premium Adult wołowina z groszkiem w sosie 100g,"3,99 zł/szt."
Brit Premium Adult kurczak z indykiem w sosie 100g,"3,99 zł/szt."
Brit Premium Adult dorsz w sosie 100g,"3,99 zł/szt."
Brit Premium Adult łosoś z pstrągiem w sosie 100g,"3,99 zł/szt."
Brit Premium Adult Fish Plate 4x100g,"12,99 zł/szt."
Brit Premium Kitten kurczak w sosie 100g,"3,99 zł/szt."
Brit Premium Sterilised kurczak w sosie 100g,"3,99 zł/szt."
Brit Premium wołowina w galaretce 85g,"3,99 zł/szt."
Brit Premium Adult kurczak w galaretce 85g,"2,99 zł/szt."
Royal Canin Sterilised 85 g w galarecie,"7,99 zł/szt."
Royal Canin Kitten 85g w sosie,"8,99 zł/szt."
Wellness Core Purely Pate karma mokra dla dorosłych kotów kurczak i indyk 85g saszetka 8szt/DISPLAY,"69,99 zł/display"
Wellness Core Purely Pate karma mokra dla dorosłych kotów kurczak i wołowina 85g saszetka 8szt/DISPLAY,"69,99 zł/display"
Wellness Core Tender Cuts karma mokra dla dorosłych kotów z indykiem i kaczką w sosie 85g saszetka,"7,49 zł/szt."
Wellness Core Tender Cuts karma mokra dla dorosłych kotów z kurczakiem i indykiem w sosie 85g saszetka,"7,49 zł/szt."
Wellness Core Tender Cuts karma mokra dla dorosłych kotów kurczak i łosoś w sosie 85g saszetka,"7,49 zł/szt."
Wellness Core Tender Cuts karma mokra dla dorosłych kotów kurczak i wątróbka w sosie 85g saszetka,"7,49 zł/szt."
Wellness Core Tender Cuts karma mokra dla dorosłych kotów z tuńczykiem w sosie 85g saszetka,"7,49 zł/szt."
Wellness Core Tender Cuts karma mokra dla dorosłych kotów z łososiem i tuńczykiem w sosie 85g saszetka,"7,49 zł/szt."
Wellness Core Signature Selects Flaked Tuna karma mokra dla dorosłych kotów tuńczyk i krewetki 79g puszka,"7,99 zł/szt."
Wellness Core Signature Selects Shredded Chicken karma mokra dla dorosłych kotów kurczak z indykiem w sosie 79g puszka,"7,99 zł/szt."
Wellness Core Signature Selects Shredded Chicken karma mokra dla dorosłych kotów kurczak z wątróbką w sosie 79g puszka,"7,99 zł/szt."
Wellness Core Signature Selects Chunky Entree karma mokra dla dorosłych kotów mięsne kawałki z wołowiną i kurczakiem 79g puszka,"7,99 zł/szt."
Wellness Core Signature Selects Chunky Chicken karma mokra dla dorosłych kotów mięsne kawałki z kurczakiem i indykiem 79g puszka,"7,99 zł/szt."
Wellness Core 98% Duo Protein karma mokra dla dorosłych kotów kurczak i dzik 85g szalka,"8,49 zł/szt."
Wellness Core 98% Single Protein karma mokra dla dorosłych kotów indyk 85g szalka,"8,49 zł/szt."
Wellness Core 98% Duo Protein karma mokra dla dorosłych kotów kurczak i łosoś 85g szalka,"8,49 zł/szt."
Wellness Core Tender Cuts Chicken Selection Multipack zestaw saszetek dla kotów dorosłych kurczak 3x2 smaki 6x85g/510g,"39,99 zł/opakowanie"
Wellness Core Tender Cuts Turkey Selection Multipack zestaw saszetek dla kotów dorosłych indyk 3x2 smaki 6x85g/510g,"39,99 zł/opakowanie"
Wellness Core Tender Cuts Tuna Selection Multipack zestaw saszetek dla kotów dorosłych tuńczyk 3x2 smaki 6x85g/510g,"39,99 zł/opakowanie"
Wellness Core Signature Selects Shredded Multipack zestaw puszek dla kotów dorosłych 4x2 smaki 8x79g/635g,"59,99 zł/opakowanie"
Wellness Core Signature Selects Chunky Multipack zestaw puszek dla kotów dorosłych 4x2 smaki 8x79g/635g,"59,99 zł/opakowanie"
Wellness Core Signature Selects Flaked Multipack zestaw puszek dla kotów dorosłych 4x2 smaki 8x79g/635g,"59,99 zł/opakowanie"
Schesir Baby Duo Filety Mus Kurczak Z Łososiem I Wątróbką Drobiową 3x55g,"24,99 zł/szt."
HappyCat Culinary Adult drób w sosie 85g,"4,99 zł/szt."
"Inaba Cat Dashi Delights kurczak, tuńczyk i przegrzebki 70g","9,99 zł/szt."
Naturo Grain Free Paté Łosoś 85g,"4,99 zł/szt."
SCHESIR filety z kurczaka z morszczukiem w galaretce 85g,"8,78 zł/szt."
Wellness Core 98% Single Protein karma mokra dla dorosłych kotów wołowina 85g szalka,"8,49 zł/szt."
Naturo Cat Variety grain free 12x85g,"46,96 zł/szt."
Purina Pro Plan Adult Delicate mus z indykiem 85g,"5,99 zł/szt."
Felix Soup Original Adult Rybne smaki 6x48g,"14,99 zł/szt."
Bozita z kurczakiem 400g,"8,99 zł/szt."
Acana Premium Pate z łososiem i kurczakiem dla kota 8x85g,"77,63 zł/szt."
Acana Premium Pate z jagnięciną dla kota 8x85g,"77,63 zł/szt."
Acana Premium Pate z wołowiną dla kota 8x85g,"77,63 zł/szt."
Acana Premium Pate z kurczakiem dla kota 8x85g,"77,63 zł/szt."
Acana Premium Pate z kurczakiem i rybą dla kociąt 8x85g,"77,63 zł/szt."
Gourmet Mon Petit drobiowe fileciki w sosie 6x50g,"15,99 zł/szt."
Gourmet Mon Petit mięsne fileciki w sosie 6x50g,"15,99 zł/szt."
Stuzzy monoprotein z kurczakiem dla kociąt 85g,"6,99 zł/szt."
Stuzzy monoprotein z wołowiną 85g,"6,99 zł/szt."
Animonda Snack Pudding z wołowiną 3x85g,"13,99 zł/szt."
Animonda Snack Pudding z kurczakiem 3x85g,"13,40 zł/szt."
Animonda Carny Single Protein wołowina 400g,"11,99 zł/szt."
Bozita Indoor&Sterilised Box w sosie 12x85g,"84,82 zł/szt."
Farmina N&D Ocean Cat tuńczyk i łosoś 70g,"8,99 zł/szt."
Wiejska zagroda Junior królik z cielęciną dla kota 85g,"7,99 zł/szt."
Wiejska zagroda Junior indyk z kurczakiem 85g,"6,99 zł/szt."
Wiejska zagroda indyk z łososiem dla kota 200g,"8,99 zł/szt."
Wiejska zagroda indyk z łososiem dla kota 85g,"6,99 zł/szt."
Bozita Multipack 12x85g z mięsem,"48,49 zł/szt."
Almo Nature Holitic Urinary z rybą 70g,"4,90 zł/szt."
Miamor tuńczyk przepiórka z jajkiem 100g,"8,99 zł/szt."
SCHESIR tuńczyk z marchewką w bulionie 70g,"7,99 zł/szt."
SCHESIR filety z kurczaka z szynką w sosie własnym 70g,"7,99 zł/szt."
SCHESIR filety z kurczaka z szynką w bulionie 70g,"7,99 zł/szt."
SCHESIR tuńczyk w galaretce 50g,"6,99 zł/szt."
SCHESIR filety z kurczaka z okoniem w galaretce 50g,"5,99 zł/szt."
SCHESIR tuńczyk z aloesem dla kociąt 85g,"6,99 zł/szt."
SCHESIR filety z kurczaka z wołowiną i ryżem w bulionie 85g,"6,99 zł/szt."
SCHESIR filety z kurczaka w galaretce 85g,"6,99 zł/szt."
SCHESIR paseczki z kurczaka w sosie 85g,"7,99 zł/szt."
SCHESIR tuńczyk z komosą w galaretce 85g,"6,99 zł/szt."
SCHESIR filety z kurczaka z okoniem w galaretce 85g,"6,99 zł/szt."
SCHESIR filety z kurczaka w galaretce dla kociąt 85g,"7,99 zł/szt."
SCHESIR filety z tuńczyka w galaretce dla kociąt 85g,"7,99 zł/szt."
SCHESIR filety z kurczaka w galaretce 85g,"7,99 zł/szt."
SCHESIR tuńczyk z kurczakiem w galaretce 85g,"7,99 zł/szt."
Brit Premium Family Plate w galaretce 12x85g,"28,76 zł/szt."
BRIT Pouches Gravy Fillet Dinner Plate 4X85G,"12,99 zł/szt."
BRIT Pouches Jelly Fillet Dinner Plate 4X85G,"12,99 zł/szt."
Vitakraft Poesie Delice kurczak z wołowiną w galaretce 6x85g,"15,49 zł/szt."
Brit Care Sterilized Healthy Rabbit filety w kurczaka w sosie 85g,"5,99 zł/szt."
BRIT CARE CAT turkey pate & olives 70g,"5,24 zł/szt."
BRIT CARE CAT turkey pate & ham 70g,"5,24 zł/szt."
BRIT CARE CAT tuna & chicken 70g,"5,24 zł/szt."
BRIT CARE CAT kitten tuna fillets 70g,"5,24 zł/szt."
Carnilove Cat z indykiem i walerianą 85g,"7,99 zł/szt."
Miamor Vitaldrink z kurczakiem 135ml,"7,99 zł/szt."
Vitakraft Poesie omlet z flądrą 85g,"2,39 zł/szt."
Animonda VOM FEINSTEN Kitten Drób 100g,"3,99 zł/szt."
Carnilove Cat Adult kurczak z jagnięciną 100g,"6,49 zł/szt."
Carnilove Cat Adult indyk z reniferem 100g,"6,49 zł/szt."
Carnilove Cat Adult indyk z łososiem 100g,"6,49 zł/szt."
Carnilove Cat Kittens indyk z łososiem 100g,"6,49 zł/szt."
Bozita Feline Kurczak w Galaretce 370g,"6,99 zł/szt."
Bozita Feline Łoś w Galaretce 370g,"6,99 zł/szt."
Purina Cat Chow Adult z jagnięciną i fasolką 85g,"4,02 zł/szt."
Purina Cat Chow KITTEN indyk z cukinią 85g,"3,99 zł/szt."
Purina Cat Chow KiTTEN z jagnięciną i cukinią 85g,"3,99 zł/szt."
Brit Premium filety z kurczaka w sosie 85g,"2,99 zł/szt."
Brit Premium łosoś w galaretce 85g,"2,99 zł/szt."
Royal Canin Kitten Sterilised 85g w sosie,"8,99 zł/szt."
Royal Canin Kitten Sterilised 85g w galarecie,"8,99 zł/szt."
Royal Canin Sterilised 85 g w sosie,"7,99 zł/szt."
